date,open,high,low,close,volume,mktvalue,adj_close
2022-11-24,0.03993926496882457,0.03993926496882457,0.03993926496882457,0.03993926496882457,0.0,125294.27,0.03993926496882457
2022-11-23,0.03993926496882457,0.03993926496882457,0.03993926496882457,0.03993926496882457,0.0,125294.27,0.03993926496882457
2022-11-22,0.03993926496882457,0.03993926496882457,0.03993926496882457,0.03993926496882457,0.0,125294.27,0.03993926496882457
2022-11-21,0.03993926496882457,0.03993926496882457,0.03993926496882457,0.03993926496882457,0.0,125294.27,0.03993926496882457
2022-11-20,0.03993926496882457,0.03993926496882457,0.03993926496882457,0.03993926496882457,0.0,125294.27,0.03993926496882457
2022-11-19,0.03993926496882457,0.03993926496882457,0.03993926496882457,0.03993926496882457,0.0,125294.27,0.03993926496882457
2022-11-18,0.0399445275440778,0.0399445275440778,0.03993926496882457,0.03993926496882457,0.0,125294.27,0.03993926496882457
2022-11-17,0.04044425306624879,0.04084271526316771,0.03946773163198005,0.03993364113473854,0.0,125276.63,0.03993364113473854
2022-11-16,0.04200020254347684,0.04246972044542642,0.03955374710818324,0.040469842911812874,107.8,126958.76,0.040469842911812874
2022-11-15,0.04063364468610809,0.04342497069987361,0.04063364468610809,0.04198732259050811,781.93,131719.27,0.04198732259050811
2022-11-14,0.04063364468610809,0.04063364468610809,0.04063364468610809,0.04063364468610809,0.0,127472.62,0.04063364468610809
2022-11-13,0.04063364468610809,0.04063364468610809,0.04063364468610809,0.04063364468610809,0.0,127472.62,0.04063364468610809
2022-11-12,0.04063364468610809,0.04063364468610809,0.04063364468610809,0.04063364468610809,0.0,127472.62,0.04063364468610809
2022-11-11,0.04138360801660325,0.04163124256756106,0.03901469851025867,0.04063364468610809,0.0,127472.62,0.04063364468610809
2022-11-10,0.0345529970149082,0.042897559431242877,0.03432127857406551,0.04142414546825241,195.64,129952.52,0.04142414546825241
2022-11-09,0.04714634379502334,0.04722647463779886,0.033789634503188413,0.034635320500447195,481.44,108655.16,0.034635320500447195
2022-11-08,0.06114056259467863,0.061483058480404806,0.0461565226678097,0.04714634379502334,2353.44,147903.74,0.04714634379502334
2022-11-07,0.06359407243090175,0.06359407243090175,0.060574603521378924,0.06114056259467863,26.86,191805.29,0.06114056259467863
2022-11-06,0.06359990438158991,0.06359990438158991,0.06359407243090175,0.06359407243090175,0.0,199502.24,0.06359407243090175
2022-11-05,0.06428723554459424,0.06503089092795666,0.06346927205442071,0.06359996961001482,0.0,199520.74,0.06359996961001482
2022-11-04,0.059456460799833306,0.06470422123537846,0.059456460799833306,0.0643422859902449,179.29,201849.48,0.0643422859902449
2022-11-03,0.05903519469552585,0.06053012134823634,0.05892536459799434,0.059456460799833306,0.0,186522.06,0.059456460799833306
2022-11-02,0.061397324747803905,0.06286105673977237,0.058478030806966376,0.05903519469552585,417.5,185200.49,0.05903519469552585
2022-11-01,0.060775910543255596,0.06211380227961576,0.06056050004924583,0.061397324747803905,0.0,192610.78,0.061397324747803905
2022-10-31,0.06099102745707171,0.06306981067508582,0.05981909016439745,0.060775910543255596,64.98,190661.33,0.060775910543255596
2022-10-30,0.06229162032331951,0.06304502851657302,0.0604532096010931,0.06099102745707171,12.81,191336.18,0.06099102745707171
2022-10-29,0.05849498377965679,0.06273638853714401,0.058293131921066436,0.06229162032331951,75.97,195416.29,0.06229162032331951
2022-10-28,0.055733251476400514,0.05913289272298342,0.055733251476400514,0.05849498377965679,563.93,183505.79,0.05849498377965679
2022-10-27,0.05766159831057748,0.058035839797477326,0.055609193250065955,0.055733251476400514,0.0,174841.9,0.055733251476400514
2022-10-26,0.04697210746773258,0.07047268229201414,0.04693876513203563,0.05766159831057748,7925.15,180891.36,0.05766159831057748
2022-10-25,0.04078268798976425,0.04835706835482359,0.040499229919489226,0.04702260238391213,940.46,147515.55,0.04702260238391213
2022-10-24,0.04092025933832923,0.041171383248672394,0.04039014529908137,0.04078268798976425,73.87,127940.19,0.04078268798976425
2022-10-23,0.03946553630875674,0.0410792655956958,0.03908915965381552,0.04094359658849539,0.0,128444.98,0.04094359658849539
2022-10-22,0.03950621276458115,0.039572100309186495,0.039404320752212424,0.03946553630875674,151.28,123808.13,0.03946553630875674
2022-10-21,0.03950621276458115,0.03950621276458115,0.03950621276458115,0.03950621276458115,0.0,123935.73,0.03950621276458115
2022-10-20,0.03950621276458115,0.03950621276458115,0.03950621276458115,0.03950621276458115,0.0,123935.73,0.03950621276458115
2022-10-19,0.03950621276458115,0.03950621276458115,0.03950621276458115,0.03950621276458115,0.0,123935.73,0.03950621276458115
2022-10-18,0.03951854234210726,0.03951854234210726,0.03950391118026944,0.03950621276458115,0.0,123935.73,0.03950621276458115
2022-10-17,0.03763862853045654,0.03969471629103478,0.03763862853045654,0.03951854234210726,34.93,123974.41,0.03951854234210726
2022-10-16,0.03684540426776995,0.03782829736140978,0.03684540426776995,0.03763862853045654,776.45,118076.9,0.03763862853045654
2022-10-15,0.03684540426776995,0.03684540426776995,0.03684540426776995,0.03684540426776995,0.0,115588.46,0.03684540426776995
2022-10-14,0.03579276054855719,0.03706214333534582,0.03569054255069122,0.03684540426776995,0.0,115588.46,0.03684540426776995
2022-10-13,0.03571998407501805,0.03603887673923663,0.033558031014735604,0.03579276054855719,5.27,112286.19,0.03579276054855719
2022-10-12,0.03667314163906051,0.03667314163906051,0.03560829918447945,0.03571998407501805,9.58,112057.88,0.03571998407501805
2022-10-11,0.03667314163906051,0.03667314163906051,0.03667314163906051,0.03667314163906051,0.0,115048.05,0.03667314163906051
2022-10-10,0.03667314163906051,0.03667314163906051,0.03667314163906051,0.03667314163906051,0.0,115048.05,0.03667314163906051
2022-10-09,0.03644326530673394,0.03675035541688815,0.03625904453080521,0.03667314163906051,0.0,115048.05,0.03667314163906051
2022-10-08,0.03768054608183154,0.03768054608183154,0.036196749629349684,0.03643229572122606,36.84,114292.49,0.03643229572122606
2022-10-07,0.037656827996370414,0.03768054608183154,0.037656827996370414,0.03768054608183154,0.0,118208.4,0.03768054608183154
2022-10-06,0.03769536536363841,0.03845302167716641,0.037594257060709145,0.037645047676247365,0.0,118097.04,0.037645047676247365
2022-10-05,0.038182763313566584,0.038182763313566584,0.03749417747521116,0.037673846020924065,171.77,118187.38,0.037673846020924065
2022-10-04,0.03749589230020134,0.03840348899177646,0.037347308872878,0.038182763313566584,0.0,119783.92,0.038182763313566584
2022-10-03,0.03638570673379607,0.03757776564831111,0.03638570673379607,0.037490760363450996,102.96,117613.02,0.037490760363450996
2022-10-02,0.037402459888531005,0.03756039464705997,0.036320982413650546,0.03638272488869952,0.0,114136.98,0.03638272488869952
2022-10-01,0.04013323305732272,0.04013323305732272,0.03720750191849707,0.03739196002973777,160.87,117303.07,0.03739196002973777
2022-09-30,0.04013323305732272,0.04013323305732272,0.04013323305732272,0.04013323305732272,0.0,125902.77,0.04013323305732272
2022-09-29,0.04013323305732272,0.04013323305732272,0.04013323305732272,0.04013323305732272,0.0,125902.77,0.04013323305732272
2022-09-28,0.04013323305732272,0.04013323305732272,0.04013323305732272,0.04013323305732272,0.0,125902.77,0.04013323305732272
2022-09-27,0.038566849669713354,0.040305361013429186,0.03847754379695924,0.04013323305732272,0.0,125902.77,0.04013323305732272
2022-09-26,0.03737677917310238,0.038633232861005,0.0373159639422443,0.038562744940236655,5.64,120975.96,0.038562744940236655
2022-09-25,0.03809756045046772,0.038473092080305235,0.03692609090895699,0.03739158096354553,0.0,117301.88,0.03739158096354553
2022-09-24,0.03839147812714186,0.03882857078298457,0.037986134108292456,0.03811154061651432,15.45,119560.48,0.03811154061651432
2022-09-23,0.03849160569258907,0.03888767228804585,0.036802839052360446,0.03840013900459677,7.17,120465.85,0.03840013900459677
2022-09-22,0.03849160569258907,0.03849160569258907,0.03849160569258907,0.03849160569258907,0.0,120752.79,0.03849160569258907
2022-09-21,0.03848824450271327,0.03849160569258907,0.03848824450271327,0.03849160569258907,0.0,120752.79,0.03849160569258907
2022-09-20,0.040001834046883476,0.040137440657359504,0.038387652344129615,0.03849417046965457,0.0,120760.84,0.03849417046965457
2022-09-19,0.03875715289373171,0.04023782045495031,0.03761584578579636,0.04003029815303161,132.0,125579.85,0.04003029815303161
2022-09-18,0.04254911977611138,0.04254911977611138,0.03868186649467451,0.038728797782297965,0.0,121496.89,0.038728797782297965
2022-09-17,0.04116921338290801,0.04258050626061896,0.04074283890634881,0.042528726135532414,185.99,133417.72,0.042528726135532414
2022-09-16,0.046139691730015475,0.046139691730015475,0.04103803960703318,0.04116691863355687,123.86,129145.57,0.04116691863355687
2022-09-15,0.04733567352691258,0.04762962732628295,0.045901320395896256,0.046139691730015475,0.0,144745.75,0.046139691730015475
2022-09-14,0.05045103868286913,0.05045103868286913,0.04562018396960336,0.04733565821373075,45.66,148497.64,0.04733565821373075
2022-09-13,0.049885279432015595,0.05051989359569052,0.04562018396960336,0.04569696769120007,45.59,143356.88,0.04569696769120007
2022-09-12,0.05211099139808985,0.05217338774634522,0.0496045813910311,0.04987360971718167,274.49,156459.5,0.04987360971718167
2022-09-11,0.051128630336203,0.0527008919852144,0.051128630336203,0.05209838873645556,14.03,163438.9,0.05209838873645556
2022-09-10,0.050854582804030185,0.05139357983675277,0.05067641010538963,0.051128630336203,0.0,160396.65,0.051128630336203
2022-09-09,0.04860460488325527,0.05128279702597456,0.048569291008605575,0.050849849440053926,27.62,159522.08,0.050849849440053926
2022-09-08,0.04499969749718475,0.04892983494240285,0.04499969749718475,0.04860402670127,29.66,152476.67,0.04860402670127
2022-09-07,0.04662098775046293,0.046659208105329184,0.04461913269558338,0.04499969749718475,0.0,141169.46,0.04499969749718475
2022-09-06,0.0469532755154035,0.0499375634003626,0.04661373943381801,0.046620078012579946,48.76,146252.78,0.046620078012579946
2022-09-05,0.0469532755154035,0.0469532755154035,0.0469532755154035,0.0469532755154035,0.0,147298.06,0.0469532755154035
2022-09-04,0.0469532755154035,0.0469532755154035,0.0469532755154035,0.0469532755154035,0.0,147298.06,0.0469532755154035
2022-09-03,0.0469532755154035,0.0469532755154035,0.0469532755154035,0.0469532755154035,0.0,147298.06,0.0469532755154035
2022-09-02,0.046952759270950474,0.0469532755154035,0.046952759270950474,0.0469532755154035,0.0,147298.06,0.0469532755154035
2022-09-01,0.04606442084876719,0.04709060883294097,0.04514977753596184,0.04694105969835762,0.0,147259.74,0.04694105969835762
2022-08-31,0.04766799649319392,0.04766799649319392,0.04558376586778922,0.04602970804312129,267.56,144400.72,0.04602970804312129
2022-08-30,0.046653532998318245,0.047975912183809324,0.04609402960050152,0.04766799649319392,0.0,149540.23,0.04766799649319392
2022-08-29,0.045135529264931716,0.04673992204690278,0.043236349347500785,0.04666651813959512,97.48,146398.47,0.04666651813959512
2022-08-28,0.0451386118890796,0.0451386118890796,0.045135529264931716,0.045135529264931716,0.0,141595.58,0.045135529264931716
2022-08-27,0.045735829557202484,0.04595012095372822,0.04413482863238956,0.04515007600119738,0.0,141641.21,0.04515007600119738
2022-08-26,0.05298273191477586,0.05298273191477586,0.04559870769954271,0.04572475298563261,382.55,143444.04,0.04572475298563261
2022-08-25,0.04860439460327655,0.05332613336779711,0.04859726419409584,0.052997272614293586,913.49,166258.81,0.052997272614293586
2022-08-24,0.045815131979819027,0.049281338827838306,0.045815131979819027,0.0486216338432824,6.74,152531.9,0.0486216338432824
2022-08-23,0.045815131979819027,0.045815131979819027,0.045815131979819027,0.045815131979819027,0.0,143727.57,0.045815131979819027
2022-08-22,0.04733218147727992,0.04733218147727992,0.044985362500642355,0.045815131979819027,0.0,143727.57,0.045815131979819027
2022-08-21,0.04727699478795104,0.047933017618051056,0.04597386449340959,0.04731551789620624,12.8,148434.46,0.04731551789620624
2022-08-20,0.047269066052549144,0.04727699478795104,0.047269066052549144,0.04727699478795104,0.0,148313.61,0.04727699478795104
2022-08-19,0.05418972626656471,0.054192086595574486,0.047227849828849255,0.047279249471167434,0.0,148320.68,0.047279249471167434
2022-08-18,0.05308601133334623,0.05483401479031826,0.05291167327108874,0.054181495632774815,197.35,169973.86,0.054181495632774815
2022-08-17,0.05451510154057696,0.05666514125068082,0.05296322536114217,0.053087452590979425,73.89,166541.71,0.053087452590979425
2022-08-16,0.055207198693974745,0.055508040703655594,0.054084631800165886,0.054519284675695154,1.1,171033.54,0.054519284675695154
2022-08-15,0.05754897084895771,0.05770962678068096,0.05433061080373347,0.055230340949712506,149.66,173264.21,0.055230340949712506
2022-08-14,0.05725858839511786,0.058299645410246445,0.05709622171620195,0.05754897084895771,0.0,180538.03,0.05754897084895771
2022-08-13,0.05618631278190225,0.05784408649244098,0.05596621490286942,0.0572449404903041,57.6,179584.25,0.0572449404903041
2022-08-12,0.055796052874758056,0.05760097000759584,0.055796052874758056,0.056173566729504604,480.41,176223.22,0.056173566729504604
2022-08-11,0.05499979072979642,0.05713383736539473,0.054983410490451454,0.055797896554962895,0.0,175044.7,0.055797896554962895
2022-08-10,0.051639164524239854,0.055275048252579284,0.05051688117082709,0.05498691642398599,343.51,172500.56,0.05498691642398599
2022-08-09,0.05383119613884839,0.05413511438741093,0.05086052719862074,0.05163978950002653,10.35,162000.22,0.05163978950002653
2022-08-08,0.05148723631134074,0.05484079540527893,0.05148723631134074,0.05383007870753617,0.0,168871.42,0.05383007870753617
2022-08-07,0.05536874214010822,0.055901396912680826,0.051426596420412266,0.051487130061652356,1029.74,161521.31,0.051487130061652356
2022-08-06,0.057134800543176156,0.05754357232876208,0.05532541350609834,0.05537048663948955,161.75,173703.87,0.05537048663948955
2022-08-05,0.05300338783851829,0.05713468290957475,0.053001721181532846,0.05713468290957475,22.25,179238.36,0.05713468290957475
2022-08-04,0.052885295460316756,0.05418624551979791,0.05235041937013067,0.05300363376449146,119.66,166278.76,0.05300363376449146
2022-08-03,0.05355857395041089,0.055965472503948496,0.05213500007857296,0.05288505925027241,585.35,165906.78,0.05288505925027241
2022-08-02,0.05338643365943339,0.05465053227214114,0.051250576972376186,0.05355866661941291,0.0,168019.97,0.05355866661941291
2022-08-01,0.05598423828211578,0.05647045886795599,0.05276736261412462,0.053386476143453314,231.77,167479.79,0.053386476143453314
2022-07-31,0.0614737947827589,0.06200537222406054,0.055577201127213365,0.05598436710680915,1280.76,175629.68,0.05598436710680915
2022-07-30,0.06277533320529854,0.0631231050519189,0.06096061659286663,0.06147408659029072,0.0,192851.59,0.06147408659029072
2022-07-29,0.06264170949966981,0.06385375552931315,0.06035513135339258,0.06277390705876783,0.0,196929.28,0.06277390705876783
2022-07-28,0.0611873088355992,0.06622500622025146,0.06007067820171993,0.06264165293542792,437.59,196514.39,0.06264165293542792
2022-07-27,0.05541076400850956,0.06118752295078708,0.054915764377507115,0.06118752295078708,475.31,191952.61,0.06118752295078708
2022-07-26,0.05576973350865085,0.05576973350865085,0.05251116395359339,0.055407866831563145,0.0,173821.13,0.055407866831563145
2022-07-25,0.061677659254358724,0.061689197210543924,0.055773657062664905,0.055773657062664905,28.92,174968.66,0.055773657062664905
2022-07-24,0.059636640607350445,0.06356954218422227,0.059601807883880774,0.06167777870412283,0.0,193490.6,0.06167777870412283
2022-07-23,0.05895458305082747,0.06100558063127456,0.05747324023629391,0.059636558040772863,22.1,187087.04,0.059636558040772863
2022-07-22,0.06328766224674016,0.06581181117341314,0.058476845959552375,0.05895438161466108,636.71,184946.97,0.05895438161466108
2022-07-21,0.06151280009798112,0.06391360654175914,0.05945046748238063,0.06328747715465599,93.86,198540.42,0.06328747715465599
2022-07-20,0.06196957032995837,0.06475862567972762,0.06012872301125218,0.06151256556529763,62.52,192972.3,0.06151256556529763
2022-07-19,0.06278263265454924,0.06412916084269407,0.06023191124199639,0.06196951260266231,38.45,194405.8,0.06196951260266231
2022-07-18,0.05387961523812146,0.06290566699853878,0.05376107248980376,0.06278261719498644,0.0,196956.61,0.06278261719498644
2022-07-17,0.05416565403229942,0.055166263303214794,0.053348161222509065,0.053880183867115274,32.22,169028.61,0.053880183867115274
2022-07-16,0.04783643337135449,0.0546040901812214,0.04642121722360984,0.05416591766572199,411.26,169924.99,0.05416591766572199
2022-07-15,0.0462472272541676,0.04952850675188266,0.045918069687148615,0.04783640708505579,0.0,150068.55,0.04783640708505579
2022-07-14,0.04314972439468507,0.0466768750456868,0.04175868757433513,0.046247491264855445,0.0,145083.93,0.046247491264855445
2022-07-13,0.04027418186816382,0.04314927717324706,0.03948683415880415,0.04314927717324706,0.0,135364.47,0.04314927717324706
2022-07-12,0.042552435178409495,0.042556038843687534,0.04027830382734578,0.04027830382734578,11.41,126357.88,0.04027830382734578
2022-07-11,0.04518432123169236,0.04522450469744333,0.04244350391810466,0.04255278007716209,0.0,133493.18,0.04255278007716209
2022-07-10,0.047163376030686224,0.04719640276600979,0.044860715298356245,0.04518435893667487,2.27,141748.76,0.04518435893667487
2022-07-09,0.04756690796758635,0.04763867928586381,0.04682478316367835,0.0471631092927153,0.0,147956.34,0.0471631092927153
2022-07-08,0.04799176878693696,0.04904320873690594,0.04644352820491802,0.04756839230538101,0.0,149227.76,0.04756839230538101
2022-07-07,0.046058690738301496,0.048340187845365305,0.04514690474847176,0.04799166329605728,0.0,150555.61,0.04799166329605728
2022-07-06,0.04373227815790329,0.046342333693286906,0.042968027019078675,0.04605869375251192,46.09,144491.65,0.04605869375251192
2022-07-05,0.044334619643634846,0.04499076485674983,0.0429454851797939,0.04373235657260833,28.28,137193.66,0.04373235657260833
2022-07-04,0.04131775564594194,0.04434316587471245,0.04032461963194918,0.044337116465839835,0.0,139090.86,0.044337116465839835
2022-07-03,0.041142811806942216,0.041734196384547714,0.04021058610089217,0.04131772423553452,14.17,129618.66,0.04131772423553452
2022-07-02,0.041008518817573614,0.041513037710199915,0.03996017240646658,0.04114271917216657,32.98,129069.65,0.04114271917216657
2022-07-01,0.0413500161496195,0.04256591403163944,0.04016500276223457,0.04100836678217213,0.0,128648.17,0.04100836678217213
2022-06-30,0.04236470923683263,0.04258597641798101,0.03899958389325946,0.04134965659093023,0.0,129718.84,0.04134965659093023
2022-06-29,0.044141776261261194,0.044505676223421296,0.04217211702260866,0.04236563745696114,0.0,132906.09,0.04236563745696114
2022-06-28,0.04615477800568245,0.04752947193561142,0.044126158610275835,0.044141776261261194,0.0,138478.05,0.044141776261261194
2022-06-27,0.046647105911570924,0.047916784956218726,0.04569045116388504,0.046154962671159865,54.45,144793.66,0.046154962671159865
2022-06-26,0.04826109769433087,0.04940959927111179,0.046641242272252914,0.04664761775871163,0.0,146339.18,0.04664761775871163
2022-06-25,0.04774380549877666,0.04844396551239073,0.04597994119731665,0.04826121379705951,0.0,151401.22,0.04826121379705951
2022-06-24,0.044479676922187975,0.048110769730336955,0.04408955555880419,0.047743492492237215,0.0,149777.07,0.047743492492237215
2022-06-23,0.040891065625361184,0.04454967652221478,0.04083621272812514,0.04447819197568208,0.0,139533.43,0.04447819197568208
2022-06-22,0.04364901499932995,0.043671457430326854,0.040742606152454335,0.04089108462697113,0.0,128280.24,0.04089108462697113
2022-06-21,0.043942039857374555,0.04607764136070543,0.04322996804732974,0.0436737992274266,0.0,137009.95,0.0436737992274266
2022-06-20,0.04412460465184241,0.04567103478712681,0.041628703667013704,0.043943262418313984,103.77,137855.29,0.043943262418313984
2022-06-19,0.03895989376206176,0.04507108968186288,0.0368956549363401,0.04412450716035198,0.0,138423.88,0.04412450716035198
2022-06-18,0.04447235508618601,0.04480520084064362,0.034981159345800636,0.038959901226412554,400.29,122221.89,0.038959901226412554
2022-06-17,0.04437910493825676,0.04637558056707424,0.04401903099603098,0.04447249222364097,182.1,139515.55,0.04447249222364097
2022-06-16,0.05184858560390967,0.052831815369351186,0.044036472373066474,0.04437897113067847,135.57,139222.16,0.04437897113067847
2022-06-15,0.05118783155502439,0.0521038205335822,0.043213089781248874,0.0518480219478785,14.22,162653.47,0.0518480219478785
2022-06-14,0.05075814770263019,0.052771453650852077,0.0459091404801534,0.051188014849925946,0.0,160582.95,0.051188014849925946
2022-06-13,0.060264444715239646,0.06035967189590993,0.04749703793710434,0.05075813957016144,160.06,159234.38,0.05075813957016144
2022-06-12,0.06465766792371838,0.06504976704463333,0.05981662761516462,0.06026367061959633,218.14,189054.37,0.06026367061959633
2022-06-11,0.0699151698192428,0.07055286413903429,0.06339501005969038,0.06465769145483254,76.35,202838.94,0.06465769145483254
2022-06-10,0.07546685808008421,0.07592136126687155,0.06990749817453268,0.06991525343704587,46.7,219332.54,0.06991525343704587
2022-06-09,0.07585071474198277,0.07716987079338694,0.07529269214196309,0.07546691374576117,0.0,236748.77,0.07546691374576117
2022-06-08,0.07668947201497354,0.07724416908246755,0.07491158199423624,0.07582596026627679,0.0,237875.14,0.07582596026627679
2022-06-07,0.07846505903921053,0.07847055338462888,0.07311206416610443,0.07668961760457921,0.0,240584.54,0.07668961760457921
2022-06-06,0.07803921388756829,0.08108494448566626,0.0780250997188305,0.07846482598930257,405.75,246153.58,0.07846482598930257
2022-06-05,0.07769842126013081,0.07865804688775078,0.07677482988643526,0.0780397124832342,0.0,244819.95,0.0780397124832342
2022-06-04,0.0761109547003375,0.07829360311747698,0.07512489027214043,0.07769851736532667,125.25,243749.58,0.07769851736532667
2022-06-03,0.07897924456267598,0.0789873574651791,0.07479695022948969,0.07611118186890549,38.06,238769.92,0.07611118186890549
2022-06-02,0.07849720363484577,0.0792734226054113,0.0769376759669476,0.07897925712148166,0.0,247767.41,0.07897925712148166
2022-06-01,0.08363431755286364,0.08432791280707384,0.07635323196678198,0.07849863504436692,0.0,246259.64,0.07849863504436692
2022-05-31,0.08568256917858055,0.08598927963783896,0.08307570180645224,0.08363446477097615,0.0,262371.36,0.08363446477097615
2022-05-30,0.0765836258772012,0.08616199688118596,0.07631231584544715,0.08568234527989962,629.01,268795.8,0.08568234527989962
2022-05-29,0.07586695588206269,0.07681059717655239,0.0745261511378839,0.07658365563477355,0.0,240252.12,0.07658365563477355
2022-05-28,0.07717730549002723,0.07902375288691033,0.075209091708778,0.07586724399704037,659.27,238004.65,0.07586724399704037
2022-05-27,0.08061889670906192,0.08113733746989388,0.07411418033228098,0.07544082312729794,1025.42,236666.92,0.07544082312729794
2022-05-26,0.08698977927187666,0.08760271956508936,0.07842194493104594,0.08061895162931727,0.0,252911.33,0.08061895162931727
2022-05-25,0.08854468641276712,0.09005875303975412,0.08679573373417382,0.08698992881756468,0.0,272897.85,0.08698992881756468
2022-05-24,0.08812142083878861,0.08882839131366749,0.08582788208974042,0.08854468638077702,0.0,277775.31,0.08854468638077702
2022-05-23,0.09413119139208523,0.09531047125041935,0.0878303352576979,0.08812156597114211,632.61,276447.93,0.08812156597114211
2022-05-22,0.09098340996481628,0.09413149638226297,0.09073345748603466,0.09413127020661136,47.31,295301.09,0.09413127020661136
2022-05-21,0.09073539793782437,0.09150411165156526,0.0897563309222565,0.09098340553107544,69.34,285425.87,0.09098340553107544
2022-05-20,0.09383337988401101,0.0953378417219071,0.08910972463716113,0.09073383523258402,93.46,284642.93,0.09073383523258402
2022-05-19,0.09318784110762157,0.09526842308958215,0.09001457361081638,0.09383260191635888,947.46,294364.14,0.09383260191635888
2022-05-18,0.10176735495559032,0.1021617957243334,0.09318079333780335,0.09318794890849075,0.0,292341.78,0.09318794890849075
2022-05-17,0.09847805875300439,0.1027008881316203,0.09788187710852157,0.10177099635505213,0.0,319267.83,0.10177099635505213
2022-05-16,0.10612276158642596,0.10612276158642596,0.09656738377346143,0.0984782624200992,389.39,308938.13,0.0984782624200992
2022-05-15,0.10192793599743694,0.10639047389661158,0.09937148099128998,0.10612368848391777,0.0,332922.75,0.10612368848391777
2022-05-14,0.09947456976031913,0.10198942255740702,0.09682597762806112,0.10192817082382923,0.0,319760.91,0.10192817082382923
2022-05-13,0.0989846758179575,0.10676488916016527,0.09780715521559677,0.09947588544488546,349.97,312067.79,0.09947588544488546
2022-05-12,0.10837435540626031,0.11290731888244664,0.09057556139573288,0.09898872346805951,806.43,310539.51,0.09898872346805951
2022-05-11,0.12688986961549614,0.12959331367738758,0.1051457412986941,0.10837353766697334,811.69,339980.8,0.10837353766697334
2022-05-10,0.12008665560151499,0.13079715565748218,0.11768070420950592,0.12689014607824364,408.04,398069.62,0.12689014607824364
2022-05-09,0.13423962294441655,0.1347403165844082,0.11933161664099917,0.12008686969786043,0.0,376726.93,0.12008686969786043
2022-05-08,0.14846781925989475,0.14846781925989475,0.13326927252259257,0.13423977059064482,1440.59,421126.27,0.13423977059064482
2022-05-07,0.15825929662441843,0.15825929662441843,0.1461259581391098,0.14846791289671257,1274.57,465761.66,0.14846791289671257
2022-05-06,0.1610543292345298,0.16156123427234395,0.15550290750895537,0.1582591871418954,0.0,496478.07,0.1582591871418954
2022-05-05,0.173360309918584,0.17423326452657018,0.15891113469695314,0.16105376859686235,203.27,505245.0,0.16105376859686235
2022-05-04,0.1652461988245458,0.17459918681655445,0.1649224031631779,0.17336055356748087,173.37,543852.86,0.17336055356748087
2022-05-03,0.16982044882120664,0.16982044882120664,0.16411247465702922,0.16524651075211222,0.0,518398.14,0.16524651075211222
2022-05-02,0.1678015561376698,0.1782714952367607,0.16556121946150987,0.16982033263717292,3413.22,532746.77,0.16982033263717292
2022-05-01,0.159978758826982,0.16837382145091428,0.15981616476731325,0.1678017035686848,368.63,526414.08,0.1678017035686848
2022-04-30,0.1638575264057291,0.16621748623722718,0.15988809722003652,0.15997816289870612,230.91,501870.7,0.15997816289870612
2022-04-29,0.17216246457161283,0.17252146958827272,0.16193173512321357,0.1638575264057291,256.49,514040.73,0.1638575264057291
2022-04-28,0.16957104130768313,0.1744628691025082,0.16806438907442003,0.1721632922135837,0.0,540096.91,0.1721632922135837
2022-04-27,0.16447549124820007,0.1708848881389721,0.16447549124820007,0.16957019381046023,0.0,531962.05,0.16957019381046023
2022-04-26,0.1776770550741851,0.17821979764134152,0.16374382828816167,0.1644761371778712,164.48,515981.38,0.1644761371778712
2022-04-25,0.17368736418844602,0.17777240162167693,0.16665998834942153,0.17767900952143323,361.36,557400.38,0.17767900952143323
2022-04-24,0.17434191977470256,0.17563079938428922,0.17365785724090887,0.1736878210871368,0.0,544879.54,0.1736878210871368
2022-04-23,0.1729156210567931,0.17573718090781226,0.1708398443354321,0.17434261207699128,590.37,546933.7,0.17434261207699128
2022-04-22,0.17638736341100414,0.17813965406919008,0.17200638808296034,0.17291540750762904,432.33,542456.39,0.17291540750762904
2022-04-21,0.18160746794820992,0.18695776398320393,0.1747170781345085,0.17638631231238938,65.5,553345.03,0.17638631231238938
2022-04-20,0.18307278761201193,0.18618131121184509,0.17978678225101752,0.1816081748195401,0.0,569726.64,0.1816081748195401
2022-04-19,0.18039970447256884,0.1839670257082854,0.17907703580887915,0.18307319073239955,0.0,574322.57,0.18307319073239955
2022-04-18,0.17787361479777142,0.18043770855637015,0.1714783159775248,0.1803979661316556,267.52,565930.07,0.1803979661316556
2022-04-17,0.18222445527817913,0.18272828693255863,0.17782227583352295,0.1778726597529063,0.0,558007.88,0.1778726597529063
2022-04-16,0.18471977166542486,0.1854311740542004,0.17950767661148673,0.18222447935417596,820.02,571660.06,0.18222447935417596
2022-04-15,0.18541853667190883,0.18655628526602722,0.18255888097536335,0.18471928219000713,317.63,579486.56,0.18471928219000713
2022-04-14,0.19137826194115004,0.19257892981085012,0.18342379273629825,0.18541847696791955,0.0,581680.02,0.18541847696791955
2022-04-13,0.18347093767957612,0.1915215540374431,0.18261680400208063,0.1913787883588988,560.7,600378.23,0.1913787883588988
2022-04-12,0.19402810561377307,0.1941084676478665,0.18199921819655535,0.18347353241791703,2450.97,575578.49,0.18347353241791703
2022-04-11,0.21061127034569077,0.21593684677486424,0.17663411700629728,0.194028056733889,20073.17,608689.3,0.194028056733889
2022-04-10,0.21477156190583913,0.21588750940764728,0.21033562665886874,0.21061225058133543,315.54,660715.91,0.21061225058133543
2022-04-09,0.20976300780897106,0.2147720433073536,0.20976300780897106,0.2147720433073536,0.0,673765.68,0.2147720433073536
2022-04-08,0.21326041623193287,0.21731121147023277,0.209667016995342,0.20976046721029237,0.0,658043.76,0.20976046721029237
2022-04-07,0.20899814620968582,0.21494963355188257,0.20786062746177286,0.21326144389707077,0.0,669026.74,0.21326144389707077
2022-04-06,0.22519638825348934,0.22519638825348934,0.20899794749530304,0.20899794749530304,0.0,655651.65,0.20899794749530304
2022-04-05,0.22848309907287612,0.2335977491764742,0.22523406027928086,0.22523406027928086,689.02,706586.28,0.22523406027928086
2022-04-04,0.22847613072480893,0.22905875269521309,0.2217343966832228,0.22848300579296743,0.0,716778.61,0.22848300579296743
2022-04-03,0.1942402859918435,0.2723759952509809,0.1942402859918435,0.22847565777875495,22494.04,716755.56,0.22847565777875495
2022-04-02,0.19839249548538643,0.20228460985247393,0.19424020436623907,0.19424020436623907,883.32,609354.83,0.19424020436623907
2022-04-01,0.1889176036708656,0.1998003715424344,0.18575579122278107,0.19839289318265452,0.0,622382.32,0.19839289318265452
2022-03-31,0.1951280178118886,0.19823512768475512,0.18866951355757167,0.1889131717219125,0.0,592643.29,0.1889131717219125
2022-03-30,0.19656204217568207,0.19806260688982563,0.19359796568642842,0.19512769224560858,174.64,612135.09,0.19512769224560858
2022-03-29,0.19058885802020653,0.20099296343193443,0.19058885802020653,0.1965619754286243,413.1,616634.58,0.1965619754286243
2022-03-28,0.18673372555601242,0.19628280064631132,0.18640829609779025,0.19058983899593462,333.11,597899.39,0.19058983899593462
2022-03-27,0.17597855135668175,0.18809424434303723,0.17525868297865363,0.18673273044673142,1355.4,585799.25,0.18673273044673142
2022-03-26,0.1737960881978511,0.17620904090666667,0.17352026637532908,0.17597881374006044,8.42,552063.14,0.17597881374006044
2022-03-25,0.1742563709395825,0.17833614625974195,0.1730948462401274,0.1737958594031426,0.0,545214.99,0.1737958594031426
2022-03-24,0.1695563865543694,0.17462724852047923,0.16872535861160765,0.17425604042190057,0.0,546658.63,0.17425604042190057
2022-03-23,0.1663028088095887,0.1700257517970669,0.1643123579484933,0.169556807996262,0.0,531916.67,0.169556807996262
2022-03-22,0.16215690794317533,0.17015732591079546,0.1620788018465055,0.1663030039971016,34.93,521709.16,0.1663030039971016
2022-03-21,0.160717123470597,0.16598299515349163,0.1595969497834527,0.16215697111139105,130.36,508702.64,0.16215697111139105
2022-03-20,0.16346871771952376,0.16467719212104356,0.15880575012903003,0.160717123470597,406.48,504185.69,0.160717123470597
2022-03-19,0.16673133829163303,0.16710700092585107,0.1618305928100243,0.16346860944188635,729.18,512817.38,0.16346860944188635
2022-03-18,0.1593891418081416,0.16844769007656146,0.15723812520156907,0.16673117886175626,0.0,523052.39,0.16673117886175626
2022-03-17,0.17194872803267394,0.17536579618987827,0.15768252392898802,0.1593891418081416,4172.38,500019.68,0.1593891418081416
2022-03-16,0.16270955654032196,0.17261096260939016,0.16218010074898812,0.17194872803267394,0.0,539420.36,0.17194872803267394
2022-03-15,0.16086643317315866,0.1650873932071514,0.15644896682131895,0.16270955654032196,48.08,510436.15,0.16270955654032196
2022-03-14,0.15647797600807195,0.1618564435816077,0.1560740964567836,0.16086643317315866,29.0,504654.09,0.16086643317315866
2022-03-13,0.16057274383354084,0.16159214897549418,0.15567006717982237,0.15647797600807195,0.0,490887.06,0.15647797600807195
2022-03-12,0.15997272276439609,0.16224415143273294,0.1599261072125616,0.16057274383354084,90.34,503732.76,0.16057274383354084
2022-03-11,0.16375445009070602,0.16701981788318646,0.158519348955874,0.15997272276439609,156.03,501850.43,0.15997272276439609
2022-03-10,0.167598762168335,0.16762513392885153,0.15748398238479372,0.16375445009070602,638.9,513714.09,0.16375445009070602
2022-03-09,0.15875131516711843,0.17003318706291884,0.1585405824620418,0.167598762168335,66.6,525774.08,0.167598762168335
2022-03-08,0.15347471571794,0.16132179416447257,0.15347471571794,0.15876600853349318,0.0,498064.85,0.15876600853349318
2022-03-07,0.1573596879529967,0.1626902261648136,0.15100454323593873,0.15347471571794,0.0,481465.53,0.15347471571794
2022-03-06,0.1639876856210106,0.16442282860858634,0.15706415397145196,0.1573596879529967,0.0,493653.08,0.1573596879529967
2022-03-05,0.16456699789312548,0.1651995849360915,0.1613674556791914,0.1639876856210106,660.95,514445.77,0.1639876856210106
2022-03-04,0.1730432700083766,0.1730432700083766,0.15978044907558836,0.16456127111080637,5924.21,516245.17,0.16456127111080637
2022-03-03,0.17797342138967845,0.17850306673913044,0.1703923030968399,0.17304339304376679,392.68,542854.43,0.17304339304376679
2022-03-02,0.1804772478417965,0.1839257045394131,0.1760259138704202,0.1779741763675457,296.83,558322.79,0.1779741763675457
2022-03-01,0.14823683053067463,0.1840482635699172,0.13525124985002124,0.18047726477576975,17289.95,566175.23,0.18047726477576975
2022-02-28,0.1287888464823668,0.148524340058657,0.12715647051605902,0.14823683053067463,1102.51,465033.77,0.14823683053067463
2022-02-27,0.1332382770833818,0.1356999454510229,0.12376771007696845,0.1287888464823668,667.73,404023.49,0.1287888464823668
2022-02-26,0.13878550007749113,0.1429338297638324,0.13136205100927253,0.13323862362079575,1598.87,417982.89,0.13323862362079575
2022-02-25,0.12790201760441267,0.14174512257452748,0.12679359085737063,0.13878393415029644,827.44,435379.08,0.13878393415029644
2022-02-24,0.1424926195046616,0.1424926195046616,0.11399758615081236,0.12790201760441267,2944.71,401241.42,0.12790201760441267
2022-02-23,0.14344092651259244,0.15075332591877608,0.1415836899711318,0.1424926195046616,407.17,447013.6,0.1424926195046616
2022-02-22,0.139295861555928,0.1437892634725103,0.13597753200449705,0.14344439476897777,0.0,449999.42,0.14344439476897777
2022-02-21,0.1598445985861635,0.16666158204655013,0.13720397011321023,0.13929552066181977,5072.59,436983.98,0.13929552066181977
2022-02-20,0.16738874044775517,0.16740142184784673,0.15691195771045474,0.15984742355855533,0.0,501457.36,0.15984742355855533
2022-02-19,0.17739711269537797,0.1799557844107534,0.16432981598327656,0.16738874936579518,1586.13,525115.25,0.16738874936579518
2022-02-18,0.1840062277984159,0.1873697493388925,0.1762471836842329,0.1773970094052835,0.0,556512.16,0.1773970094052835
2022-02-17,0.1997263084505951,0.20087525382359847,0.18257939391253458,0.1840062277984159,0.0,577245.94,0.1840062277984159
2022-02-16,0.19299775519451878,0.20262558433294015,0.19073268133671564,0.19973369694858512,1911.83,626584.58,0.19973369694858512
2022-02-15,0.18449919952817212,0.19736614997985258,0.18353358409144238,0.19300532645912394,1340.23,605477.01,0.19300532645912394
2022-02-14,0.18253415799317535,0.1859512045667208,0.17538826949928096,0.1845002859344236,1608.17,578795.85,0.1845002859344236
2022-02-13,0.18290193375582797,0.18609028759671348,0.18028293023158945,0.18253415799317535,288.54,572627.91,0.18253415799317535
2022-02-12,0.18866181938361057,0.19029824323451955,0.18014760711539532,0.18286194784739782,914.31,573656.22,0.18286194784739782
2022-02-11,0.19793326823898147,0.20150827556865453,0.18626842459399,0.18866232817016435,0.0,591852.59,0.18866232817016435
2022-02-10,0.2251475350126058,0.22723507770144208,0.19792354859687117,0.19793843125826935,3331.81,620952.66,0.19793843125826935
2022-02-09,0.23321799360034706,0.23750157650600412,0.22156025409695915,0.2251475350126058,2926.92,706310.34,0.2251475350126058
2022-02-08,0.24756224174997452,0.2479911994595606,0.22698097949055568,0.23321869574467805,2185.28,731630.37,0.23321869574467805
2022-02-07,0.24146762726983398,0.25055420769115816,0.23693624974757144,0.24756229669778831,123.79,776627.68,0.24756229669778831
2022-02-06,0.23851967332671611,0.24241668125592536,0.23619329897604122,0.2414646614289481,1006.0,757498.79,0.2414646614289481
2022-02-05,0.22797812229127762,0.24089435304423742,0.22702836810669724,0.23852082067573643,1329.7,748263.67,0.23852082067573643
2022-02-04,0.21174794417024573,0.2310210949267215,0.21174794417024573,0.22797643121091082,1481.97,715184.87,0.22797643121091082
2022-02-03,0.2136712446537698,0.2164174417456599,0.20564130882177117,0.21174794417024573,163.48,664274.48,0.21174794417024573
2022-02-02,0.22281168018748712,0.22379229795749486,0.20948548623373478,0.2136712446537698,0.0,670308.07,0.2136712446537698
2022-02-01,0.226075242126006,0.23540063502817635,0.20906350176626798,0.22281168018748712,6294.67,698982.53,0.22281168018748712
2022-01-31,0.21963843990343385,0.2267863133031067,0.20951564481504048,0.226075242126006,0.0,709220.65,0.226075242126006
2022-01-30,0.21096267734360571,0.22065016411176921,0.20935574919860658,0.21963951677782456,1200.37,689031.13,0.21963951677782456
2022-01-29,0.16702498798107004,0.21398006641676,0.1660163698389212,0.21096273099934504,8062.03,661811.19,0.21096273099934504
2022-01-28,0.15566352628569946,0.16728122725878455,0.1525009905474529,0.16702141054059866,668.09,523962.87,0.16702141054059866
2022-01-27,0.15780212759814752,0.16088546338451262,0.14915780239127055,0.15566295899385515,169.63,488330.27,0.15566295899385515
2022-01-26,0.15072083676092274,0.17012719156691683,0.14844548363826915,0.15780212759814752,1262.87,495041.06,0.15780212759814752
2022-01-25,0.15566798401625462,0.1562549831242552,0.14547426457764068,0.15072083676092274,1168.02,472826.34,0.15072083676092274
2022-01-24,0.16170086325295305,0.16170086325295305,0.13776836639211212,0.15566798401625462,0.0,488346.04,0.15566798401625462
2022-01-23,0.15023511450369545,0.16170086325295305,0.15023511450369545,0.16170086325295305,548.98,507271.78,0.16170086325295305
2022-01-22,0.18181957701569507,0.18611791695212085,0.11242641467234571,0.15023511450369545,34622.93,471302.58,0.15023511450369545
2022-01-21,0.2544348892732932,0.25663311427368635,0.1778342276912532,0.18181957701569507,5454.59,570386.2,0.18181957701569507
2022-01-20,0.2759185721652669,0.28024771165659895,0.2544488777724553,0.2544488777724553,2008.37,798231.58,0.2544488777724553
2022-01-19,0.30371992279057475,0.3043935276918692,0.275134628423157,0.27591855887612693,3197.22,865584.11,0.27591855887612693
2022-01-18,0.29014537824455816,0.30526232939717785,0.28403618062777436,0.30371992279057475,3292.57,952799.77,0.30371992279057475
2022-01-17,0.30730873665863867,0.3073359804321371,0.28518122568855114,0.29014537824455816,616.62,910215.07,0.29014537824455816
2022-01-16,0.32633023114437576,0.3263341621520884,0.3015104818526381,0.30731041910095724,3073.11,964063.52,0.30731041910095724
2022-01-15,0.32345940283858354,0.329150211839692,0.3202882808321791,0.32633023114437576,0.0,1023730.57,0.32633023114437576
2022-01-14,0.3429180870991126,0.3448740800666635,0.3151763569427859,0.32345940283858354,3616.78,1014724.5,0.32345940283858354
2022-01-13,0.3465937133043909,0.3576124415649131,0.3386673145408587,0.3429180870991126,2292.89,1075768.33,0.3429180870991126
2022-01-12,0.39622075551137825,0.40131225257252984,0.3280582421919329,0.3465937133043909,25031.7,1087299.14,0.3465937133043909
2022-01-11,0.3764307557135632,0.398106846445771,0.3741372582328635,0.39622075551137825,0.0,1242984.14,0.39622075551137825
2022-01-10,0.39941610322998744,0.4031916632757516,0.3722320753217685,0.3764307557135632,1882.16,1180900.93,0.3764307557135632
2022-01-09,0.364892976936843,0.40639190951443027,0.3620008143912839,0.39941610322998744,3994.17,1253008.26,0.39941610322998744
2022-01-08,0.36082529028624843,0.366784616296046,0.34897285311701925,0.364892976936843,4000.55,1144705.76,0.364892976936843
2022-01-07,0.39737217586157425,0.3975941625076237,0.35140344822302827,0.36082529028624843,1416.94,1131945.02,0.36082529028624843
2022-01-06,0.44783022955061796,0.44783022955061796,0.3928386869783646,0.39737217586157425,5584.02,1246596.26,0.39737217586157425
2022-01-05,0.47460237502411323,0.5043006731128433,0.4472929733109905,0.44783022955061796,5896.42,1404888.22,0.44783022955061796
2022-01-04,0.4712787329751286,0.4863136378206113,0.4653193654163828,0.47460237502411323,0.0,1488875.11,0.47460237502411323
2022-01-03,0.4848089359390637,0.4849684811291878,0.46181462756350244,0.4712787329751286,653.08,1478448.52,0.4712787329751286
2022-01-02,0.47604101388291,0.48606212046266006,0.4719466050012126,0.4848089359390637,0.0,1520894.12,0.4848089359390637
2022-01-01,0.4630291976184074,0.4764720359247555,0.4630079545935477,0.47604101388291,376.07,1493388.27,0.47604101388291
2021-12-31,0.4837087985103,0.5256571634199452,0.4518324988420297,0.4630291976184074,11205.87,1452568.9,0.4630291976184074
2021-12-30,0.37789332872894,0.48376763997356,0.37561956191424,0.48359074338801,15327.46,1517072.52,0.48359074338801
2021-12-29,0.4349422351746,0.4365598549133,0.37724965573354,0.37818766709427,5425.42,1186412.53,0.37818766709427
2021-12-28,0.47018899684363,0.47034110677759,0.43397162875275,0.43498010670315,1566.23,1364576.1,0.43498010670315
2021-12-27,0.47057145902753,0.47613868846302,0.46787420307389,0.470196511859,608.34,1475053.48,0.470196511859
2021-12-26,0.46671756390196,0.47212425047914,0.45790707954926,0.47051621382324,16964.93,1476056.42,0.47051621382324
2021-12-25,0.50450813308685,0.50976238248494,0.46200611654651,0.46844962551368,10621.11,1469573.32,0.46844962551368
2021-12-24,0.50899428451538,0.51085384017151,0.49842634706932,0.50405991218271,2445.38,1581286.35,0.50405991218271
2021-12-23,0.50661148810686,0.51922359384152,0.49438650321833,0.50917055020041,6978.37,1597318.94,0.50917055020041
2021-12-22,0.50847724018693,0.51486106121994,0.50453172804178,0.50645075869383,101.39,1588786.68,0.50645075869383
2021-12-21,0.5032149391845,0.5158391252181,0.50297313287086,0.50876579562882,763.86,1596049.18,0.50876579562882
2021-12-20,0.50489100645291,0.50651832653224,0.48543757594392,0.50305864216878,380.85,1578145.27,0.50305864216878
2021-12-19,0.51091573569314,0.51457088264061,0.50245778476587,0.50495089843738,442.43,1584081.47,0.50495089843738
2021-12-18,0.51317195928869,0.52202731046297,0.47881454495677,0.51092554442783,14206.18,1602824.53,0.51092554442783
2021-12-17,0.52459387740385,0.52498691010663,0.49516479795769,0.51310286868961,370.48,1609655.01,0.51310286868961
2021-12-16,0.46193654631798,0.53864478794391,0.46193251418523,0.52463328034254,16447.39,1645827.07,0.52463328034254
2021-12-15,0.57376351627211,0.6036650026811,0.4615364764973,0.46197523959707,16165.57,1449262.53,0.46197523959707
2021-12-14,0.55153613307577,0.6153092834159,0.34973491784077,0.56278663326492,131144.03,1765517.95,0.56278663326492
2021-12-13,0.65000073721608,0.6992524067604,0.54399335672215,0.55170009327227,30234.78,1730738.36,0.55170009327227
2021-12-12,0.64985129286008,0.66187097195481,0.5729616861629,0.64995965918024,25619.48,2038988.45,0.64995965918024
2021-12-11,0.5600830499182,0.65007566700822,0.54691621647778,0.64993726651402,25026.04,2038918.2,0.64993726651402
2021-12-10,0.71867450839823,0.72091794568636,0.55992494788309,0.56024009086207,55226.72,1757529.19,0.56024009086207
2021-12-09,0.70890017772781,0.72019207091267,0.6128931109901,0.71910637585071,41696.37,2255908.61,0.71910637585071
2021-12-08,0.65503159824159,0.70941871101299,0.59185850046012,0.70868519566597,44066.1,2223216.33,0.70868519566597
2021-12-07,0.60221917422655,0.6722389179298,0.60218773423159,0.65500706940561,10922.72,2054822.68,0.65500706940561
2021-12-06,0.58794160533097,0.60282756453857,0.55020152058814,0.60168259969594,5242.14,1887538.49,0.60168259969594
2021-12-05,0.53684456625179,0.59503659678776,0.53568157218613,0.58770389744193,9721.76,1843685.9,0.58770389744193
2021-12-04,0.59270375379133,0.59270375379133,0.5103088790005,0.5370240158255,6012.77,1684698.04,0.5370240158255
2021-12-03,0.69274016115894,0.69459060506781,0.58595549555016,0.5927455612522,7119.14,1859502.1,0.5927455612522
2021-12-02,0.69653501331271,0.70340134559256,0.68005440058835,0.69303367378138,3074.57,2174115.94,0.69303367378138
2021-12-01,0.79322869629436,0.81372019462218,0.65943240396702,0.69657743253992,19853.94,2185233.07,0.69657743253992
2021-11-30,0.76259336335814,0.79517986959856,0.71716539650038,0.79356466351259,9643.72,2489491.71,0.79356466351259
2021-11-29,0.75589181072992,0.80128813713074,0.72853657450321,0.76256069806349,15786.7,2392229.17,0.76256069806349
2021-11-28,0.71488304328213,0.84656242883372,0.69768827790921,0.75597116834688,29860.14,2347932.68,0.75597116834688
2021-11-27,0.73632970416919,0.75944524577865,0.69737750974792,0.7145119752185,13928.45,2219166.66,0.7145119752185
2021-11-26,0.97020171932316,0.97295167076566,0.58658310254743,0.73715032657577,60040.7,2289477.97,0.73715032657577
2021-11-25,0.80854254108089,1.1600516954416,0.7174516566805,0.7857063286506,107809.41,2440285.61,0.7857063286506
2021-11-24,0.69342178346511,0.97662847313535,0.55462082641875,0.68175262342935,12128.24,2117421.05,0.68175262342935
2021-11-23,0.63981155817783,0.71444994163329,0.63867897570201,0.69310821133668,12337.46,2152689.79,0.69310821133668
2021-11-22,0.62952171515799,0.65250009030823,0.58967845439219,0.63982049377195,14198.13,1987186.16,0.63982049377195
2021-11-21,0.65732785736784,0.66045260227241,0.62974868828989,0.62974868828989,3173.94,1955904.65,0.62974868828989
2021-11-20,0.66589476296388,0.67628276566395,0.64125580695327,0.65751423390296,10516.46,2042140.26,0.65751423390296
2021-11-19,0.5940997200487,0.68794858735574,0.5940997200487,0.66564099343682,11338.92,2067380.75,0.66564099343682
2021-11-18,0.77605120148697,0.78516275621596,0.59322165999107,0.59389460425832,22817.26,1844547.26,0.59389460425832
2021-11-17,0.76195649846712,1.34001127981335,0.0,0.77570228689831,26445.87,2409214.56,0.77570228689831
2021-11-16,0.88696836511081,6.45143774309169,0.0,0.76215071631744,10931.57,2367125.42,0.76215071631744
2021-11-15,0.81261463738701,0.90856001688772,0.81261463738701,0.88759306843702,17828.99,2756730.49,0.88759306843702
2021-11-14,0.77872666577011,0.86992308264787,0.76353964675227,0.81329279935116,30048.9,2525965.04,0.81329279935116
2021-11-13,0.76999899178387,0.81546504983145,0.68142011908644,0.77649644048767,51723.46,2411681.08,0.77649644048767
2021-11-12,0.97364406023003,0.99030234960689,0.73028347735931,0.77015662747888,61427.34,2391990.58,0.77015662747888
2021-11-11,1.0685506764953,1.09912874219682,0.82360460168655,0.97277962865258,106790.95,3021307.12,0.97277962865258
2021-11-10,1.3679676539482,1.53568494220184,0.97385713508695,1.06778134648165,174383.77,3316368.16,1.06778134648165
2021-11-09,1.27829869988774,1.47048054946267,1.26802858545654,1.36811005425913,63579.88,4249143.93,1.36811005425913
2021-11-08,1.12582642631279,1.77881453847012,1.10351395486547,1.27620292967666,205222.37,3963694.23,1.27620292967666
2021-11-07,1.10683352196489,1.27926122602311,1.03319986555683,1.12704012844947,60167.46,3500417.02,1.12704012844947
2021-11-06,1.25092022980094,1.25176853463552,0.71520321934903,1.10584879604878,269178.24,3434599.93,1.10584879604878
2021-11-05,1.50177717772658,1.85985080847402,1.18223115872757,1.24977796300822,133705.03,3881622.26,1.24977796300822
2021-11-04,0.79155313894186,2.02229217662185,0.72338123453772,1.50379799654282,661944.71,4670570.25,1.50379799654282
2021-11-03,1.54795716960832,2.56470273900444,0.78736013771859,0.79224523046889,441204.64,2460594.45,0.79224523046889
2021-11-02,0.30739217768562,1.78489403197105,0.29988400417833,1.54719613405491,1216690.72,4805358.34,1.54719613405491
2021-11-01,0.27430362239072,0.30777640662396,0.26442330578847,0.30709401648306,5955.24,953787.8,0.30709401648306
2021-10-31,0.27632186278988,0.28354790084954,0.26610925475274,0.27424414831752,158.58,851761.05,0.27424414831752
2021-10-30,0.29686128313382,0.29839406291496,0.26713089856543,0.2752782664159,5732.65,854972.87,0.2752782664159
2021-10-29,0.34322640825009,0.35319466696912,0.29378427845694,0.29663176660629,8923.24,921293.63,0.29663176660629
2021-10-28,0.32578455034599,0.3649549897758,0.32235098088474,0.34286275216467,4933.78,1064880.11,0.34286275216467
2021-10-27,0.33816678555497,0.35157881037085,0.32054977736378,0.32533897128592,694.2,1010453.88,0.32533897128592
2021-10-26,0.34618824616096,0.36105863578101,0.33012078067749,0.33833843510478,2531.26,1050828.26,0.33833843510478
2021-10-25,0.35625218774919,0.37076984345637,0.34295874734631,0.34551518298754,3778.18,1073118.16,0.34551518298754
2021-10-24,0.36332773685499,0.37355981076935,0.34764265221381,0.3568038672144,198.48,1108179.12,0.3568038672144
2021-10-23,0.38091422243581,0.39956362796183,0.3520654473613,0.36298335812274,5407.88,1127371.68,0.36298335812274
2021-10-22,0.44214583814784,0.45250726409146,0.37690255921763,0.38064296623401,7266.34,1182219.77,0.38064296623401
2021-10-21,0.43106203021553,0.47070588304144,0.42126674592131,0.44261606755026,5652.81,1374698.89,0.44261606755026
2021-10-20,0.44792649901906,0.4519927006719,0.39428518499617,0.43180826126192,7547.32,1341131.48,0.43180826126192
2021-10-19,0.41459246057599,0.45187354087552,0.36555813432581,0.45002032420757,21637.54,1397695.4,0.45002032420757
2021-10-18,0.33884352469273,0.41499539410888,0.33857524161331,0.41456182436436,18773.43,1287566.64,0.41456182436436
2021-10-17,0.31406906473982,0.34934598064254,0.31108368428472,0.33853000221333,5553.39,1051423.24,0.33853000221333
2021-10-16,0.27011069098527,0.35483460643152,0.26793701423256,0.31407701550947,20198.19,975475.95,0.31407701550947
2021-10-15,0.2763377553522,0.28335219235959,0.26782802835385,0.26974073695098,1935.95,837774.14,0.26974073695098
2021-10-14,0.2435878711548,0.27706973657189,0.24342197460123,0.27666790367651,3298.45,859288.87,0.27666790367651
2021-10-13,0.24359213224899,0.24508264887971,0.23305825662414,0.24342894520652,1141.78,756053.67,0.24342894520652
2021-10-12,0.27357436124034,0.27380491179183,0.24119964592989,0.24349790219498,4290.96,756267.84,0.24349790219498
2021-10-11,0.26552323698213,0.27932233639803,0.26368627620789,0.27375265090178,0.0,850234.54,0.27375265090178
2021-10-10,0.27707039113037,0.27751219380779,0.26556732995622,0.26576709061357,0.0,825432.59,0.26576709061357
2021-10-09,0.28596015257221,0.29021125362434,0.27665644824122,0.27738489147945,1730.84,861515.73,0.27738489147945
2021-10-08,0.28853063288996,0.29355937304503,0.28427763430405,0.28605544217839,0.0,888445.16,0.28605544217839
2021-10-07,0.28761627830474,0.29815391866292,0.27961133428815,0.28888408833668,0.0,897230.5,0.28888408833668
2021-10-06,0.28224724122562,0.290361929256,0.26902964833039,0.28744322969668,0.0,892755.41,0.28744322969668
2021-10-05,0.27647556852179,0.28642124080664,0.27393676470741,0.28272406473641,742.55,878098.4,0.28272406473641
2021-10-04,0.28927297638049,0.28981629835344,0.27472565518815,0.27640694817376,1611.53,858478.39,0.27640694817376
2021-10-03,0.28514585551115,0.29521785731031,0.28338454757329,0.28914439666916,1097.86,898038.98,0.28914439666916
2021-10-02,0.27862603734662,0.2903624385849,0.27550935072842,0.28556154729398,210.55,886911.19,0.28556154729398
2021-10-01,0.25361097874782,0.28031503374478,0.25189106986247,0.27860597077577,0.0,865308.22,0.27860597077577
2021-09-30,0.23422757216032,0.25662771977154,0.23402065620682,0.25360807530221,1408.84,787668.52,0.25360807530221
2021-09-29,0.22960342255034,0.24271031851531,0.2247881259182,0.23449297298343,5558.52,728299.89,0.23449297298343
2021-09-28,0.26655010478345,0.28334326036884,0.22965745846373,0.2298957346222,7255.06,714021.56,0.2298957346222
2021-09-27,0.28232073313725,0.29260146587272,0.26652955984117,0.26652955984117,897.41,827800.7,0.26652955984117
2021-09-26,0.27413165364445,0.2871635244249,0.25681461422084,0.28248409613824,660.36,877353.09,0.28248409613824
2021-09-25,0.26642412104564,0.27562612161207,0.257896375182,0.27418370683015,3410.28,851573.33,0.27418370683015
2021-09-24,0.28169216184041,0.28238675051836,0.25145311499168,0.26633334178008,1323.22,827191.28,0.26633334178008
2021-09-23,0.26547992452386,0.28571577863014,0.26376081370655,0.28166056932505,3005.24,874795.34,0.28166056932505
2021-09-22,0.25440354124933,0.26756023927167,0.25110822186761,0.2653194958266,4223.87,824042.43,0.2653194958266
2021-09-21,0.28084029726079,0.29175876894067,0.25146494435228,0.25444675402468,840.23,790273.33,0.25444675402468
2021-09-20,0.34909221802058,0.34965742675511,0.27948769899781,0.28109712850213,4359.12,873045.38,0.28109712850213
2021-09-19,0.3597545900449,0.36252306924425,0.34639657018199,0.34907330566506,389.45,1084169.16,0.34907330566506
2021-09-18,0.36604336497127,0.37368044061646,0.33192800546043,0.35958486405359,11386.0,1116816.47,0.35958486405359
2021-09-17,0.42585044830716,0.4482097160205,0.36279386946762,0.36580994885836,18938.31,1136150.65,0.36580994885836
2021-09-16,0.46424107604349,0.47623648113486,0.41840709841994,0.42617515270455,8273.17,1322996.62,0.42617515270455
2021-09-15,0.37620455651907,0.51642609660369,0.37607128545332,0.46408662702667,61590.52,1440687.09,0.46408662702667
2021-09-14,0.27179039128242,0.38703407813164,0.26854904337664,0.37610348226308,60502.82,1167556.66,0.37610348226308
2021-09-13,0.19682504,0.28482586951797,0.18896871,0.27178038677191,59291.16,843701.31,0.27178038677191
2021-09-12,0.20088593,0.20305767,0.19229322,0.19685808,2262.96,611116.29,0.19685808
2021-09-11,0.19818,0.20673004,0.19818,0.20094989,578.99,623818.68,0.20094989
2021-09-10,0.20578003,0.21027456,0.19435553,0.19815689,1049.41,615148.25,0.19815689
2021-09-09,0.20817658,0.21307552,0.20454755,0.2057909,0.0,638846.89,0.2057909
2021-09-08,0.20596394,0.21274428,0.19396124,0.20944337,0.0,650185.43,0.20944337
2021-09-07,0.23628144,0.23719203,0.19770914,0.20577921,0.0,638810.58,0.20577921
2021-09-06,0.23467137,0.23859416,0.22974824,0.23635055,391.4,733714.7,0.23635055
2021-09-05,0.23671518,0.23883199,0.22862519,0.23477314,1100.24,728817.89,0.23477314
2021-09-04,0.24483483,0.24772973,0.23400741,0.23662243,949.18,734558.71,0.23662243
2021-09-03,0.29342249,0.29567476,0.23666186,0.24489476,9300.59,760238.92,0.24489476
2021-09-02,0.29354133,0.295941,0.28919165,0.29348459,0.0,911078.75,0.29348459
2021-09-01,0.26526266,0.29301462,0.26261463,0.29301462,0.0,909619.79,0.29301462
2021-08-31,0.24984972,0.26610763,0.24807929,0.26543244,0.0,823995.08,0.26543244
2021-08-30,0.25317838,0.26007941,0.2461185,0.24997327,374.96,776004.4,0.24997327
2021-08-29,0.26891797,0.27279218,0.24820488,0.25344783,2405.92,786790.64,0.25344783
2021-08-28,0.27146579,0.30402609,0.24947101,0.26866722,1818.49,834036.95,0.26866722
2021-08-27,0.24495416,0.30351534,0.23719471,0.27109072,1132326.96,841560.33,0.27109072
2021-08-26,0.28701691,0.31386493,0.23031812,0.24493375,992557.23,760359.97,0.24493375
2021-08-25,0.26654069,0.31510176,0.25194452,0.28704166,1143634.78,891077.62,0.28704166
2021-08-24,0.29872453,0.33223109,0.25024371,0.26686208,1012019.75,828433.18,0.26686208
2021-08-23,0.29774096,0.31007552,0.25005978,0.29868078,1359368.34,885207.54,0.29868078
2021-08-22,0.31685544,0.37298798,0.24294371,0.29790134,1069528.54,882897.5,0.29790134
2021-08-21,0.33200797,0.39597582,0.30222107,0.31690173,956738.52,939209.43,0.31690173
2021-08-20,0.31819143,0.3609328,0.28938683,0.33206309,1201731.08,984143.52,0.33206309
2021-08-19,0.27159169,0.34552717,0.21692511,0.31799637,1225611.69,942453.64,0.31799637
2021-08-18,0.31051321,0.32648799,0.27189122,0.27189122,618009.23,805810.68,0.27189122
2021-08-17,0.33377691,0.3383377,0.29595438,0.31051508,1126776.83,920281.16,0.31051508
2021-08-16,0.2813466,0.34698711,0.2493937,0.33448339,1260790.42,991316.62,0.33448339
2021-08-15,0.23186558,0.30644375,0.22137307,0.28118695,61081.31,833360.66,0.28118695
2021-08-14,0.23607152,0.23657454,0.22842919,0.23182348,779837.83,687060.94,0.23182348
2021-08-13,0.19765257,0.23624606,0.17789167,0.23620972,801710.64,700060.53,0.23620972
2021-08-12,0.19618169,0.22576063,0.17847805,0.19777137,329102.29,586139.87,0.19777137
2021-08-11,0.20420851,0.21902278,0.17092467,0.19653111,1100269.82,582464.08,0.19653111
2021-08-10,0.18690355,0.20932401,0.165208,0.20412745,1282175.26,604977.52,0.20412745
2021-08-09,0.18382384,0.20216206,0.1509193,0.18668821,1921045.32,553292.43,0.18668821
2021-08-08,0.17365856,0.21251396,0.15084248,0.18361481,2967899.68,544183.7,0.18361481
2021-08-07,0.15900257,0.2052546,0.15777029,0.1741238,2531698.89,516054.97,0.1741238
2021-08-06,0.17524593,0.18805521,0.14549111,0.15914876,2452298.58,471673.09,0.15914876
2021-08-05,0.19072304,0.1992176,0.13485512,0.17526333,2240733.77,519432.22,0.17526333
2021-08-04,0.165175,0.19926309,0.1508797,0.19085546,2650144.83,565643.01,0.19085546
2021-08-03,0.15922189,0.18477729,0.12827431,0.1726273,2260735.11,511619.76,0.1726273
2021-08-02,0.13579449,0.18110069,0.13416509,0.15913655,2373176.41,471636.9,0.15913655
2021-08-01,0.1673897,0.17775345,0.13440637,0.13606128,1969411.69,403248.14,0.13606128
2021-07-31,0.15295004,0.17089783,0.13585601,0.16758114,2434625.13,496664.33,0.16758114
2021-07-30,0.12857578,0.16612804,0.11914721,0.15295004,2442152.28,453301.77,0.15295004
2021-07-29,0.13779475,0.1539382,0.11764058,0.12847375,1614058.33,380760.8,0.12847375
2021-07-28,0.12640856,0.15349113,0.11290103,0.13794484,546566.46,408830.5,0.13794484
2021-07-27,0.12284029,0.14311691,0.11022042,0.12637202,305510.17,374531.87,0.12637202
2021-07-26,0.12924739,0.14838975,0.11148493,0.12307353,305437.34,364756.05,0.12307353
2021-07-25,0.10499723,0.13145738,0.10098143,0.12924739,321247.66,383053.66,0.12924739
2021-07-24,0.11896871,0.1293792,0.10064078,0.10509649,275407.53,311477.04,0.10509649
2021-07-23,0.09517997,0.12221132,0.09291423,0.11896871,280586.57,352590.48,0.11896871
2021-07-22,0.09556661,0.11360254,0.09036781,0.09518453,219046.69,282100.73,0.09518453
2021-07-21,0.08939184,0.11168225,0.0816608,0.0954661,253959.45,282935.23,0.0954661
2021-07-20,0.10176861,0.10287189,0.07973545,0.08942662,188509.76,265035.87,0.08942662
2021-07-19,0.10606312,0.10719598,0.10124295,0.10176946,2338.2,301616.66,0.10176946
2021-07-18,0.10630479,0.11131229,0.10536131,0.10611248,2546.16,314488.16,0.10611248
2021-07-17,0.10519504,0.10735485,0.10391309,0.10629007,2478.72,315014.5,0.10629007
2021-07-16,0.10702571,0.11414351,0.10368563,0.10522242,2525.19,311850.28,0.10522242
2021-07-15,0.11164788,0.11406864,0.10545858,0.10680006,171805.45,316525.96,0.10680006
2021-07-14,0.10864278,0.11848141,0.10476207,0.1115964,181240.63,330740.99,0.1115964
2021-07-13,0.12192528,0.12338818,0.10793332,0.10870188,125324.22,322162.42,0.10870188
2021-07-12,0.14977596,0.15171813,0.11283392,0.12191905,119228.77,361334.47,0.12191905
2021-07-11,0.14357335,0.15505221,0.13350864,0.14976668,298179.79,443867.18,0.14976668
2021-07-10,0.148057,0.15547966,0.13383794,0.1435246,296097.65,425367.37,0.1435246
2021-07-09,0.14220222,0.15928789,0.13633432,0.14829522,246307.61,439506.18,0.14829522
2021-07-08,0.1875231,0.18912943,0.13921641,0.14228435,188231.4,421691.61,0.14228435
2021-07-07,0.18117424,0.19827744,0.15767884,0.18726395,142542.96,554998.76,0.18726395
2021-07-06,0.15208742,0.19205531,0.14179672,0.18122691,63531.74,537106.63,0.18122691
2021-07-05,0.2031368,0.20493872,0.14421295,0.1524542,64549.18,451832.26,0.1524542
2021-07-04,0.19806072,0.22089878,0.16713989,0.20308379,87992.11,601884.41,0.20308379
2021-07-03,0.16782754,0.19821661,0.15829652,0.1981063,87999.1,587132.51,0.1981063
2021-07-02,0.1796491,0.19708547,0.15615096,0.16785117,61511.12,497464.63,0.16785117
2021-07-01,0.20024179,0.21925351,0.15120978,0.17941585,77536.27,531739.15,0.17941585
2021-06-30,0.1836734,0.22465079,0.17086052,0.20008418,73160.68,592994.39,0.20008418
2021-06-29,0.18513737,0.21685058,0.17462369,0.18408761,67223.82,545584.95,0.18408761
2021-06-28,0.1955254,0.20712274,0.14988923,0.18525894,76729.4,549056.46,0.18525894
2021-06-27,0.17199562,0.19528279,0.14921196,0.19519263,79171.34,578497.19,0.19519263
2021-06-26,0.16668553,0.18717991,0.14253033,0.17155272,61372.28,508435.0,0.17155272
2021-06-25,0.17129875,0.18869238,0.14338195,0.16677226,67558.84,494267.04,0.16677226
2021-06-24,0.16952857,0.22358852,0.15706539,0.17125903,71696.6,507540.62,0.17125903
2021-06-23,0.15693691,0.19235236,0.14402014,0.18271123,78958.94,541480.16,0.18271123
2021-06-22,0.13843345,0.16741166,0.12512863,0.15680507,67558.09,464727.03,0.15680507
2021-06-21,0.16550163,0.19046686,0.13488219,0.13835102,61008.48,410034.3,0.13835102
2021-06-20,0.17248979,0.22101171,0.16100955,0.16549546,71210.82,490476.32,0.16549546
2021-06-19,0.24070467,0.24521702,0.17191605,0.17234505,64851.86,510776.36,0.17234505
2021-06-18,0.22666653,0.24076388,0.19009941,0.24074568,94458.48,713494.25,0.24074568
2021-06-17,0.19894554,0.24480206,0.19894554,0.22661422,117941.31,671613.05,0.22661422
2021-06-16,0.23432916,0.25484146,0.19832159,0.19882517,75031.79,589255.09,0.19882517
2021-06-15,0.22768629,0.26108308,0.21295325,0.24282751,99830.58,719659.27,0.24282751
2021-06-14,0.22918883,0.25126604,0.20455331,0.23558474,106753.98,698194.14,0.23558474
2021-06-13,0.2866867,0.29576351,0.15451436,0.22909799,124345.33,678965.01,0.22909799
2021-06-12,0.29957276,0.29957276,0.23697313,0.28650827,111635.48,849091.48,0.28650827
2021-06-11,0.22399321,0.33520535,0.21535229,0.2992685,140089.79,886901.51,0.2992685
2021-06-10,0.25300181,0.26438419,0.21955823,0.22389219,83751.26,663518.95,0.22389219
2021-06-09,0.2265909,0.26513196,0.21001843,0.25274017,96810.53,749011.81,0.25274017
2021-06-08,0.24607097,0.26142606,0.21857814,0.2267347,76618.49,671942.91,0.2267347
2021-06-07,0.27691699,0.29903844,0.24548449,0.24667769,98791.67,731045.25,0.24667769
2021-06-06,0.24995709,0.29071672,0.24157537,0.27687734,107833.13,820543.87,0.27687734
2021-06-05,0.26369528,0.2941891,0.2366791,0.24971918,86345.27,740048.92,0.24971918
2021-06-04,0.34262217,0.37394296,0.26271921,0.26387252,77107.43,781992.67,0.26387252
2021-06-03,0.35429702,0.38161284,0.31627817,0.34247847,123832.86,1014943.35,0.34247847
2021-06-02,0.35774605,0.37202491,0.31490395,0.35471318,101140.3,1051201.2,0.35471318
2021-06-01,0.3686571,0.3900374,0.34369114,0.35744707,127875.89,1059303.15,0.35744707
2021-05-31,0.35852809,0.41320762,0.33596967,0.3675454,135144.38,1089229.8,0.3675454
2021-05-30,0.31870021,0.38558433,0.2920772,0.35866211,145814.24,1062903.95,0.35866211
2021-05-29,0.31206356,0.34785389,0.28538461,0.3182073,131585.44,943015.14,0.3182073
2021-05-28,0.33111845,0.3557973,0.27559479,0.3119551,119640.92,924480.34,0.3119551
2021-05-27,0.3531326,0.37302993,0.30138111,0.33136813,133511.84,982010.94,0.33136813
2021-05-26,0.32035452,0.371193,0.28998878,0.35287509,127579.49,1045746.91,0.35287509
2021-05-25,0.41236386,0.4287951,0.29097401,0.3194728,132556.49,946759.08,0.3194728
2021-05-24,0.36613775,0.45419043,0.36175158,0.41204043,151411.13,1221083.68,0.41204043
2021-05-23,0.38914156,0.47560612,0.31057305,0.36663502,122509.62,1086517.21,0.36663502
2021-05-22,0.40276434,0.41709861,0.3148138,0.38890898,135702.73,1152525.72,0.38890898
2021-05-21,0.46783499,0.49902753,0.34959914,0.40236338,179243.27,1192397.63,0.40236338
2021-05-20,0.36262505,0.49980313,0.29308105,0.46756208,110699.18,1385603.62,0.46756208
2021-05-19,0.61087451,0.62145297,0.36026639,0.3644464,137610.18,0.0,0.3644464
2021-05-18,0.72187217,0.89585514,0.57941346,0.6114515,350154.92,0.0,0.6114515
2021-05-17,1.04151764,1.04162126,0.71042884,0.71913221,199915.21,0.0,0.71913221
2021-05-16,1.0583779,1.12844138,0.9735427,1.04108852,404991.88,0.0,1.04108852
2021-05-15,1.17898523,1.27805241,1.0590725,1.0611421,401313.62,0.0,1.0611421
2021-05-14,1.14237627,1.29670912,1.09211188,1.17815721,445582.85,0.0,1.17815721
2021-05-13,1.30218177,1.377231,1.04470301,1.14385718,379501.48,0.0,1.14385718
2021-05-12,1.33917459,1.47707495,1.29018933,1.3156038,356449.3,0.0,1.3156038
2021-05-11,1.36319598,1.50454799,1.16602331,1.34041884,369256.27,0.0,1.34041884
2021-05-10,1.49688667,1.68174029,1.26939325,1.36360558,530872.49,0.0,1.36360558
2021-05-09,1.69643374,1.69643374,1.42668224,1.49807681,429229.94,0.0,1.49807681
2021-05-08,1.36239498,1.69720635,1.32182295,1.69659231,641600.85,0.0,1.69659231
2021-05-07,1.7102992,1.7102992,1.28345317,1.36281389,543919.58,0.0,1.36281389
2021-05-06,1.84452977,1.90149413,1.54350963,1.7079685,589027.96,0.0,1.7079685
2021-05-05,1.47082527,1.869175,1.43190968,1.84549755,705151.07,0.0,1.84549755
2021-05-04,1.91606341,1.91634856,1.43721001,1.46501275,560292.28,0.0,1.46501275
2021-05-03,1.55520704,1.93038579,1.52127405,1.90981156,770813.37,0.0,1.90981156
2021-05-02,1.49989995,1.75679595,1.39693048,1.55010179,736325.01,0.0,1.55010179
2021-05-01,1.3510315,1.85517189,1.3388824,1.50035129,610938.51,0.0,1.50035129
2021-04-30,1.42634339,1.73572919,1.23612434,1.35109219,549547.25,0.0,1.35109219
2021-04-29,1.95171875,1.98793163,1.37120391,1.42675013,641444.32,0.0,1.42675013
2021-04-28,2.0101953,2.09988672,1.67259389,1.95114107,837169.01,0.0,1.95114107
2021-04-27,1.58893508,2.44975025,1.53383934,2.00889826,555988.08,0.0,2.00889826
2021-04-26,1.45547289,1.64574473,1.19983197,1.58988603,550287.21,0.0,1.58988603
2021-04-25,1.4203277,1.66105673,1.33122112,1.45385169,659747.5,0.0,1.45385169
2021-04-24,1.59240623,1.72910425,1.40136372,1.42193463,587989.83,0.0,1.42193463
2021-04-23,1.78094713,1.78855244,1.33217026,1.59401673,659633.56,0.0,1.59401673
2021-04-22,1.79014247,2.0659959,1.50317938,1.78316698,630815.08,0.0,1.78316698
2021-04-21,1.78358211,1.96297919,1.51224026,1.78860275,926283.34,0.0,1.78860275
2021-04-20,3.21166766,3.22630394,1.35935296,1.78047952,1135265.84,0.0,1.78047952
2021-04-19,2.73071287,3.78182539,2.42506597,3.21585769,1594253.19,0.0,3.21585769
2021-04-18,3.32440602,3.70201457,2.26731517,2.72880449,506215.1,0.0,2.72880449
2021-04-17,2.80297177,4.30335294,2.39565302,3.32740555,1819516.09,0.0,3.32740555
2021-04-16,5.57601066,5.57601066,2.42123282,2.80176564,7002494.86,0.0,2.80176564
